{"cameraMode":{"drawMode":0,"name":"Shaded","section":"Shading Mode"},"sceneLighting":true,"audioPlay":false,"sceneViewState":{"m_AlwaysRefresh":false,"showFog":true,"showSkybox":true,"showFlares":true,"showImageEffects":true,"showParticleSystems":true,"showVisualEffectGraphs":true,"m_FxEnabled":true},"in2DMode":false,"pivot":{"x":-11.503199577331543,"y":-2.675715446472168,"z":74.56534576416016},"rotation":{"x":-0.0016143216053023935,"y":-0.9904422163963318,"z":0.1375546008348465,"w":-0.011609921231865883},"size":5.288028717041016,"orthographic":false}