{"cameraMode":{"drawMode":0,"name":"Shaded","section":"Shading Mode"},"sceneLighting":true,"audioPlay":false,"sceneViewState":{"m_AlwaysRefresh":false,"showFog":true,"showSkybox":true,"showFlares":true,"showImageEffects":true,"showParticleSystems":true,"showVisualEffectGraphs":true,"m_FxEnabled":true},"in2DMode":false,"pivot":{"x":-17.308982849121095,"y":-1.3759907484054566,"z":43.060855865478519},"rotation":{"x":0.027870623394846917,"y":0.8776134848594666,"z":-0.05139670893549919,"w":0.4758188724517822},"size":21.14398193359375,"orthographic":false}