{"cameraMode":{"drawMode":0,"name":"Shaded","section":"Shading Mode"},"sceneLighting":false,"audioPlay":false,"sceneViewState":{"m_AlwaysRefresh":false,"showFog":true,"showSkybox":false,"showFlares":true,"showImageEffects":true,"showParticleSystems":true,"showVisualEffectGraphs":true,"m_FxEnabled":true},"in2DMode":false,"pivot":{"x":34.05624008178711,"y":-14.852837562561036,"z":-15.188804626464844},"rotation":{"x":0.027870623394846917,"y":0.8776134848594666,"z":-0.05139670893549919,"w":0.4758188724517822},"size":0.12990403175354005,"orthographic":false}